Date,Adj Close,%Change,Returns on 10000
20-08-2020,113.250,0.00%,10000.00
21-08-2020,114.955,1.51%,10150.54
24-08-2020,115.861,0.79%,10230.52
25-08-2020,116.175,0.27%,10258.26
26-08-2020,116.054,-0.10%,10247.60
27-08-2020,116.582,0.45%,10294.17
28-08-2020,116.966,0.33%,10328.12
31-08-2020,113.151,-3.26%,9991.21
01-09-2020,114.187,0.92%,10082.73
02-09-2020,115.339,1.01%,10184.42
03-09-2020,115.647,0.27%,10211.62
04-09-2020,114.301,-1.16%,10092.77
07-09-2020,113.825,-0.42%,10050.77
08-09-2020,112.771,-0.93%,9957.65
09-09-2020,112.027,-0.66%,9892.02
10-09-2020,113.340,1.17%,10007.92
11-09-2020,113.801,0.41%,10048.60
14-09-2020,116.638,2.49%,10299.10
15-09-2020,116.784,0.13%,10312.03
16-09-2020,116.914,0.11%,10323.50
17-09-2020,116.736,-0.15%,10307.75
18-09-2020,116.264,-0.40%,10266.10
21-09-2020,112.202,-3.49%,9907.44
22-09-2020,110.571,-1.45%,9763.40
23-09-2020,110.282,-0.26%,9737.89
24-09-2020,107.554,-2.47%,9497.03
25-09-2020,109.840,2.13%,9698.87
28-09-2020,111.902,1.88%,9880.98
29-09-2020,112.157,0.23%,9903.47
30-09-2020,111.956,-0.18%,9885.71
01-10-2020,112.962,0.90%,9974.54
05-10-2020,112.882,-0.07%,9967.48
06-10-2020,113.229,0.31%,9998.13
07-10-2020,113.184,-0.04%,9994.14
08-10-2020,112.494,-0.61%,9933.17
09-10-2020,112.260,-0.21%,9912.54
12-10-2020,111.410,-0.76%,9837.48
13-10-2020,111.323,-0.08%,9829.80
14-10-2020,111.760,0.39%,9868.42
15-10-2020,109.970,-1.60%,9710.33
16-10-2020,110.821,0.77%,9785.47
19-10-2020,111.557,0.66%,9850.46
20-10-2020,111.835,0.25%,9874.99
21-10-2020,112.057,0.20%,9894.58
22-10-2020,112.366,0.28%,9921.92
23-10-2020,113.759,1.24%,10044.94
26-10-2020,112.934,-0.73%,9972.09
27-10-2020,114.013,0.95%,10067.30
28-10-2020,113.635,-0.33%,10033.99
29-10-2020,113.074,-0.49%,9984.38
30-10-2020,112.840,-0.21%,9963.75
02-11-2020,112.589,-0.22%,9941.56
03-11-2020,113.495,0.80%,10021.58
04-11-2020,113.869,0.33%,10054.63
05-11-2020,115.615,1.53%,10208.81
06-11-2020,115.883,0.23%,10232.42
09-11-2020,117.300,1.22%,10357.61
10-11-2020,118.094,0.68%,10427.69
11-11-2020,118.161,0.06%,10433.61
12-11-2020,119.337,0.99%,10537.41
13-11-2020,119.602,0.22%,10560.85
17-11-2020,122.076,2.07%,10779.33
18-11-2020,122.167,0.07%,10787.34
19-11-2020,121.656,-0.42%,10742.23
20-11-2020,122.622,0.79%,10827.48
23-11-2020,122.793,0.14%,10842.63
24-11-2020,124.060,1.03%,10954.48
25-11-2020,123.137,-0.74%,10873.01
26-11-2020,124.828,1.37%,11022.27
27-11-2020,126.347,1.22%,11156.46
01-12-2020,128.772,1.92%,11370.53
02-12-2020,129.973,0.93%,11476.64
03-12-2020,131.059,0.84%,11572.52
04-12-2020,132.477,1.08%,11697.71
07-12-2020,135.138,2.01%,11932.70
08-12-2020,135.606,0.35%,11973.98
09-12-2020,135.902,0.22%,12000.13
10-12-2020,135.989,0.06%,12007.85
11-12-2020,136.007,0.01%,12009.36
14-12-2020,138.796,2.05%,12255.68
15-12-2020,139.632,0.60%,12329.48
16-12-2020,141.942,1.65%,12533.50
17-12-2020,141.979,0.03%,12536.71
18-12-2020,141.745,-0.16%,12516.11
21-12-2020,136.494,-3.71%,12052.36
22-12-2020,137.263,0.56%,12120.31
23-12-2020,140.341,2.24%,12392.12
24-12-2020,142.038,1.21%,12541.94
28-12-2020,142.937,0.63%,12621.35
29-12-2020,142.950,0.01%,12622.50
30-12-2020,143.497,0.38%,12670.80
31-12-2020,144.111,0.43%,12725.03
01-01-2021,146.546,1.69%,12940.02
04-01-2021,148.399,1.26%,13103.61
05-01-2021,149.262,0.58%,13179.86
06-01-2021,149.256,0.00%,13179.29
07-01-2021,149.448,0.13%,13196.25
08-01-2021,151.243,1.20%,13354.76
11-01-2021,151.691,0.30%,13394.28
12-01-2021,152.333,0.42%,13450.98
13-01-2021,152.407,0.05%,13457.52
14-01-2021,152.516,0.07%,13467.18
15-01-2021,152.564,0.03%,13471.42
18-01-2021,150.839,-1.13%,13319.10
19-01-2021,152.525,1.12%,13467.94
20-01-2021,152.928,0.26%,13503.56
21-01-2021,151.870,-0.69%,13410.09
22-01-2021,151.297,-0.38%,13359.50
25-01-2021,150.518,-0.52%,13290.70
27-01-2021,149.604,-0.61%,13210.06
28-01-2021,149.128,-0.32%,13168.02
29-01-2021,147.545,-1.06%,13028.19
01-02-2021,150.402,1.94%,13280.46
02-02-2021,153.045,1.76%,13513.88
03-02-2021,154.547,0.98%,13646.51
04-02-2021,156.635,1.35%,13830.84
05-02-2021,155.411,-0.78%,13722.82
08-02-2021,155.418,0.00%,13723.41
09-02-2021,155.189,-0.15%,13703.18
10-02-2021,156.743,1.00%,13840.41
11-02-2021,156.855,0.07%,13850.30
12-02-2021,156.348,-0.32%,13805.51
15-02-2021,156.541,0.12%,13822.56
16-02-2021,155.732,-0.52%,13751.10
17-02-2021,154.867,-0.56%,13674.73
18-02-2021,155.943,0.69%,13769.71
19-02-2021,154.849,-0.70%,13673.19
22-02-2021,152.054,-1.80%,13426.39
23-02-2021,151.974,-0.05%,13419.33
24-02-2021,153.584,1.06%,13561.44
25-02-2021,154.272,0.45%,13622.19
26-02-2021,152.535,-1.13%,13468.86
01-03-2021,153.714,0.77%,13572.95
02-03-2021,155.113,0.91%,13696.50
03-03-2021,156.378,0.82%,13808.17
04-03-2021,157.032,0.42%,13865.88
05-03-2021,155.693,-0.85%,13747.72
08-03-2021,155.338,-0.23%,13716.36
09-03-2021,154.421,-0.59%,13635.38
10-03-2021,155.633,0.78%,13742.42
12-03-2021,155.686,0.03%,13747.10
15-03-2021,154.318,-0.88%,13626.31
16-03-2021,154.639,0.21%,13654.65
17-03-2021,152.522,-1.37%,13467.66
18-03-2021,151.498,-0.67%,13377.27
19-03-2021,151.768,0.18%,13401.09
22-03-2021,152.718,0.63%,13484.99
23-03-2021,153.015,0.19%,13511.25
24-03-2021,150.787,-1.46%,13314.44
25-03-2021,147.865,-1.94%,13056.48
26-03-2021,149.246,0.93%,13178.38
30-03-2021,150.281,0.69%,13269.75
31-03-2021,150.547,0.18%,13293.32
01-04-2021,152.506,1.30%,13466.25
05-04-2021,151.653,-0.56%,13390.91
06-04-2021,152.594,0.62%,13474.04
07-04-2021,154.105,0.99%,13607.47
08-04-2021,155.496,0.90%,13730.29
09-04-2021,155.679,0.12%,13746.42
12-04-2021,149.638,-3.88%,13213.00
13-04-2021,151.267,1.09%,13356.85
15-04-2021,151.416,0.10%,13370.00
16-04-2021,152.256,0.55%,13444.19
19-04-2021,149.467,-1.83%,13197.91
20-04-2021,151.258,1.20%,13356.09
22-04-2021,151.273,0.01%,13357.42
23-04-2021,151.523,0.16%,13379.42
26-04-2021,152.955,0.95%,13505.93
27-04-2021,154.071,0.73%,13604.44
28-04-2021,154.638,0.37%,13654.52
29-04-2021,153.963,-0.44%,13594.89
30-04-2021,153.308,-0.43%,13537.07
03-05-2021,153.679,0.24%,13569.82
04-05-2021,153.293,-0.25%,13535.76
05-05-2021,154.059,0.50%,13603.44
06-05-2021,154.247,0.12%,13620.03
07-05-2021,154.221,-0.02%,13617.74
10-05-2021,154.631,0.27%,13653.87
11-05-2021,155.110,0.31%,13696.17
12-05-2021,155.667,0.36%,13745.36
14-05-2021,156.154,0.31%,13788.42
17-05-2021,156.729,0.37%,13839.11
18-05-2021,159.162,1.55%,14054.03
19-05-2021,160.902,1.09%,14207.66
20-05-2021,160.987,0.05%,14215.13
21-05-2021,162.200,0.75%,14322.28
24-05-2021,162.436,0.15%,14343.07
25-05-2021,165.309,1.77%,14596.81
26-05-2021,166.252,0.57%,14680.00
27-05-2021,166.680,0.26%,14717.87
28-05-2021,166.323,-0.21%,14686.27
31-05-2021,166.627,0.18%,14713.13
01-06-2021,165.272,-0.81%,14593.52
02-06-2021,165.609,0.20%,14623.27
03-06-2021,166.684,0.65%,14718.17
04-06-2021,168.325,0.98%,14863.09
07-06-2021,169.563,0.74%,14972.38
08-06-2021,170.212,0.38%,15029.71
09-06-2021,168.417,-1.05%,14871.16
10-06-2021,170.608,1.30%,15064.71
11-06-2021,169.925,-0.40%,15004.32
14-06-2021,169.581,-0.20%,14974.03
15-06-2021,169.784,0.12%,14991.95
16-06-2021,168.965,-0.48%,14919.58
17-06-2021,167.597,-0.81%,14798.78
18-06-2021,167.184,-0.25%,14762.32
21-06-2021,167.027,-0.09%,14748.45
22-06-2021,168.261,0.74%,14857.46
23-06-2021,169.355,0.65%,14954.07
24-06-2021,169.429,0.04%,14960.56
25-06-2021,169.558,0.08%,14971.95
28-06-2021,169.605,0.03%,14976.10
29-06-2021,169.149,-0.27%,14935.88
30-06-2021,169.044,-0.06%,14926.55
01-07-2021,169.711,0.39%,14985.47
02-07-2021,170.525,0.48%,15057.34
05-07-2021,171.781,0.74%,15168.24
06-07-2021,171.871,0.05%,15176.20
07-07-2021,172.717,0.49%,15250.94
08-07-2021,172.027,-0.40%,15189.93
09-07-2021,172.868,0.49%,15264.19
12-07-2021,174.521,0.96%,15410.16
13-07-2021,174.618,0.06%,15418.78
14-07-2021,174.934,0.18%,15446.69
15-07-2021,174.162,-0.44%,15378.46
16-07-2021,174.427,0.15%,15401.92
19-07-2021,173.131,-0.74%,15287.43
20-07-2021,170.771,-1.36%,15079.07
22-07-2021,172.597,1.07%,15240.26
23-07-2021,172.847,0.14%,15262.36
26-07-2021,173.103,0.15%,15284.96
27-07-2021,172.364,-0.43%,15219.74
28-07-2021,171.995,-0.21%,15187.19
29-07-2021,172.503,0.29%,15231.96
30-07-2021,172.490,-0.01%,15230.86
02-08-2021,174.774,1.32%,15432.56
03-08-2021,177.169,1.37%,15643.98
04-08-2021,175.917,-0.71%,15533.44
05-08-2021,174.740,-0.67%,15429.56
06-08-2021,174.072,-0.38%,15370.52
09-08-2021,173.485,-0.34%,15318.70
10-08-2021,171.367,-1.22%,15131.68
11-08-2021,170.541,-0.48%,15058.77
12-08-2021,173.152,1.53%,15289.35
13-08-2021,172.970,-0.11%,15273.20
16-08-2021,172.706,-0.15%,15249.92
17-08-2021,173.328,0.36%,15304.85
18-08-2021,173.444,0.07%,15315.09
20-08-2021,171.590,-1.07%,15151.36
23-08-2021,170.166,-0.83%,15025.65
24-08-2021,171.353,0.70%,15130.43
25-08-2021,171.750,0.23%,15165.54
26-08-2021,172.449,0.41%,15227.21
27-08-2021,173.283,0.48%,15300.88
30-08-2021,174.933,0.95%,15446.58
31-08-2021,176.108,0.67%,15550.35
01-09-2021,176.185,0.04%,15557.14
02-09-2021,176.751,0.32%,15607.05
03-09-2021,177.612,0.49%,15683.12
06-09-2021,177.021,-0.33%,15630.96
07-09-2021,177.031,0.01%,15631.80
08-09-2021,177.241,0.12%,15650.33
09-09-2021,178.820,0.89%,15789.79
13-09-2021,179.536,0.40%,15853.01
14-09-2021,179.916,0.21%,15886.58
15-09-2021,180.317,0.22%,15921.98
16-09-2021,181.428,0.62%,16020.07
17-09-2021,181.588,0.09%,16034.24
20-09-2021,181.377,-0.12%,16015.60
21-09-2021,182.226,0.47%,16090.55
22-09-2021,184.238,1.10%,16268.18
23-09-2021,186.191,1.06%,16440.61
24-09-2021,186.065,-0.07%,16429.53
27-09-2021,187.767,0.91%,16579.84
28-09-2021,186.512,-0.67%,16469.01
29-09-2021,185.755,-0.41%,16402.15
30-09-2021,185.186,-0.31%,16351.94
01-10-2021,185.589,0.22%,16387.49
04-10-2021,187.385,0.97%,16546.04
05-10-2021,188.388,0.54%,16634.66
06-10-2021,186.442,-1.03%,16462.85
07-10-2021,191.368,2.64%,16897.79
08-10-2021,192.100,0.38%,16962.42
11-10-2021,194.071,1.03%,17136.48
12-10-2021,194.470,0.21%,17171.66
13-10-2021,195.842,0.71%,17292.83
14-10-2021,197.596,0.90%,17447.67
18-10-2021,199.089,0.76%,17579.51
19-10-2021,196.193,-1.45%,17323.81
20-10-2021,194.297,-0.97%,17156.37
21-10-2021,193.185,-0.57%,17058.21
22-10-2021,191.508,-0.87%,16910.17
25-10-2021,188.939,-1.34%,16683.27
26-10-2021,191.879,1.56%,16942.93
27-10-2021,192.851,0.51%,17028.72
28-10-2021,191.214,-0.85%,16884.19
29-10-2021,191.462,0.13%,16906.10
01-11-2021,194.935,1.81%,17212.75
02-11-2021,196.025,0.56%,17309.03
03-11-2021,196.006,-0.01%,17307.33
08-11-2021,199.492,1.78%,17615.14
09-11-2021,200.347,0.43%,17690.59
10-11-2021,203.885,1.77%,18002.98
11-11-2021,203.299,-0.29%,17951.32
12-11-2021,207.264,1.95%,18301.40
15-11-2021,207.340,0.04%,18308.12
16-11-2021,207.572,0.11%,18328.63
17-11-2021,206.224,-0.65%,18209.60
18-11-2021,204.738,-0.72%,18078.35
22-11-2021,201.483,-1.59%,17790.94
23-11-2021,203.481,0.99%,17967.37
24-11-2021,204.107,0.31%,18022.65
25-11-2021,206.210,1.03%,18208.37
26-11-2021,198.908,-3.54%,17563.58
29-11-2021,195.191,-1.87%,17235.30
30-11-2021,198.532,1.71%,17530.36
01-12-2021,198.816,0.14%,17555.47
02-12-2021,199.957,0.57%,17656.17
03-12-2021,199.918,-0.02%,17652.73
06-12-2021,196.440,-1.74%,17345.62
07-12-2021,197.663,0.62%,17453.63
08-12-2021,200.607,1.49%,17713.62
09-12-2021,201.972,0.68%,17834.12
10-12-2021,202.286,0.16%,17861.83
13-12-2021,201.497,-0.39%,17792.19
14-12-2021,200.703,-0.39%,17722.04
15-12-2021,200.286,-0.21%,17685.27
16-12-2021,199.742,-0.27%,17637.16
17-12-2021,196.514,-1.62%,17352.21
20-12-2021,190.302,-3.16%,16803.67
21-12-2021,190.744,0.23%,16842.69
22-12-2021,193.879,1.64%,17119.46
23-12-2021,196.193,1.19%,17323.85
24-12-2021,194.641,-0.79%,17186.75
27-12-2021,194.141,-0.26%,17142.68
28-12-2021,197.046,1.50%,17399.17
29-12-2021,197.051,0.00%,17399.62
30-12-2021,195.723,-0.67%,17282.31
31-12-2021,197.476,0.90%,17437.12
03-01-2022,198.573,0.56%,17533.94
04-01-2022,199.281,0.36%,17596.53
05-01-2022,199.928,0.32%,17653.62
06-01-2022,200.292,0.18%,17685.74
07-01-2022,201.310,0.51%,17775.64
10-01-2022,202.558,0.62%,17885.89
11-01-2022,201.768,-0.39%,17816.12
12-01-2022,206.066,2.13%,18195.65
13-01-2022,205.847,-0.11%,18176.25
14-01-2022,206.852,0.49%,18265.01
17-01-2022,207.976,0.54%,18364.24
18-01-2022,205.264,-1.30%,18124.80
19-01-2022,205.359,0.05%,18133.23
20-01-2022,205.969,0.30%,18187.00
21-01-2022,204.214,-0.85%,18032.12
24-01-2022,194.804,-4.61%,17201.15
25-01-2022,196.917,1.08%,17387.78
27-01-2022,196.102,-0.41%,17315.83
28-01-2022,198.206,1.07%,17501.55
31-01-2022,201.040,1.43%,17751.81
01-02-2022,204.319,1.63%,18041.38
02-02-2022,206.466,1.05%,18230.89
03-02-2022,205.274,-0.58%,18125.66
04-02-2022,205.571,0.14%,18151.87
07-02-2022,203.889,-0.82%,18003.42
08-02-2022,203.226,-0.33%,17944.82
09-02-2022,204.346,0.55%,18043.74
10-02-2022,203.717,-0.31%,17988.24
11-02-2022,200.364,-1.65%,17692.10
14-02-2022,193.923,-3.21%,17123.35
15-02-2022,198.021,2.11%,17485.22
16-02-2022,199.363,0.68%,17603.74
17-02-2022,198.917,-0.22%,17564.39
18-02-2022,197.575,-0.68%,17445.83
21-02-2022,196.456,-0.57%,17347.07
22-02-2022,194.175,-1.16%,17145.64
23-02-2022,194.630,0.23%,17185.82
24-02-2022,186.768,-4.04%,16491.64
25-02-2022,192.010,2.81%,16954.45
28-02-2022,193.700,0.88%,17103.72
02-03-2022,192.895,-0.42%,17032.65
03-03-2022,193.482,0.30%,17084.46
04-03-2022,191.227,-1.17%,16885.31
07-03-2022,187.335,-2.04%,16541.69
08-03-2022,189.154,0.97%,16702.30
09-03-2022,192.179,1.60%,16969.38
10-03-2022,194.408,1.16%,17166.17
11-03-2022,195.309,0.46%,17245.81
14-03-2022,196.677,0.70%,17366.57
15-03-2022,195.738,-0.48%,17283.68
16-03-2022,198.214,1.26%,17502.26
17-03-2022,200.021,0.91%,17661.83
21-03-2022,199.483,-0.27%,17614.35
22-03-2022,200.933,0.73%,17742.38
23-03-2022,201.057,0.06%,17753.33
24-03-2022,200.490,-0.28%,17703.23
25-03-2022,200.164,-0.16%,17674.44
28-03-2022,200.733,0.28%,17724.74
29-03-2022,203.317,1.29%,17952.87
30-03-2022,204.927,0.79%,18095.03
31-03-2022,205.692,0.37%,18162.62
01-04-2022,207.423,0.84%,18315.40
04-04-2022,208.794,0.66%,18436.48
05-04-2022,211.324,1.21%,18659.93
06-04-2022,212.452,0.53%,18759.47
07-04-2022,210.925,-0.72%,18624.68
08-04-2022,213.729,1.33%,18872.23
11-04-2022,214.664,0.44%,18954.80
12-04-2022,212.660,-0.93%,18777.81
13-04-2022,213.273,0.29%,18831.97
18-04-2022,212.497,-0.36%,18763.51
19-04-2022,209.320,-1.50%,18482.95
20-04-2022,210.183,0.41%,18559.14
21-04-2022,211.086,0.43%,18638.87
22-04-2022,210.601,-0.23%,18596.06
25-04-2022,207.551,-1.45%,18326.72
26-04-2022,209.771,1.07%,18522.75
27-04-2022,208.133,-0.78%,18378.10
28-04-2022,209.486,0.65%,18497.61
29-04-2022,210.404,0.44%,18578.67
02-05-2022,210.992,0.28%,18630.57
04-05-2022,207.772,-1.53%,18346.21
05-05-2022,208.127,0.17%,18377.57
06-05-2022,206.068,-0.99%,18195.79
09-05-2022,202.914,-1.53%,17917.26
10-05-2022,199.856,-1.51%,17647.29
11-05-2022,198.349,-0.75%,17514.23
12-05-2022,195.912,-1.23%,17299.02
13-05-2022,196.505,0.30%,17351.41
16-05-2022,199.141,1.34%,17584.09
17-05-2022,202.623,1.75%,17891.61
18-05-2022,202.859,0.12%,17912.41
19-05-2022,198.940,-1.93%,17566.38
20-05-2022,201.913,1.49%,17828.94
23-05-2022,201.628,-0.14%,17803.77
24-05-2022,200.117,-0.75%,17670.31
25-05-2022,197.049,-1.53%,17399.40
26-05-2022,198.251,0.61%,17505.53
27-05-2022,199.349,0.55%,17602.51
30-05-2022,202.715,1.69%,17899.70
31-05-2022,202.742,0.01%,17902.11
01-06-2022,204.257,0.75%,18035.90
02-06-2022,203.498,-0.37%,17968.89
03-06-2022,201.523,-0.97%,17794.47
06-06-2022,200.445,-0.53%,17699.28
07-06-2022,199.194,-0.62%,17588.79
08-06-2022,197.932,-0.63%,17477.42
09-06-2022,198.304,0.19%,17510.19
10-06-2022,197.587,-0.36%,17446.89
13-06-2022,194.573,-1.53%,17180.74
14-06-2022,194.311,-0.13%,17157.60
15-06-2022,195.487,0.61%,17261.48
16-06-2022,191.520,-2.03%,16911.22
17-06-2022,189.410,-1.10%,16724.87
20-06-2022,188.421,-0.52%,16637.58
21-06-2022,191.020,1.38%,16867.09
22-06-2022,189.529,-0.78%,16735.44
23-06-2022,192.048,1.33%,16957.86
24-06-2022,194.759,1.41%,17197.22
27-06-2022,196.560,0.92%,17356.26
28-06-2022,196.430,-0.07%,17344.73
29-06-2022,196.325,-0.05%,17335.50
30-06-2022,196.017,-0.16%,17308.27
01-07-2022,197.794,0.91%,17465.15
04-07-2022,200.725,1.48%,17724.04
05-07-2022,200.892,0.08%,17738.77
06-07-2022,203.767,1.43%,17992.62
07-07-2022,204.711,0.46%,18076.00
08-07-2022,204.719,0.00%,18076.63
11-07-2022,205.468,0.37%,18142.80
12-07-2022,203.633,-0.89%,17980.79
13-07-2022,203.335,-0.15%,17954.46
14-07-2022,203.623,0.14%,17979.87
15-07-2022,205.278,0.81%,18126.05
18-07-2022,206.321,0.51%,18218.10
19-07-2022,206.728,0.20%,18254.09
20-07-2022,207.707,0.47%,18340.50
21-07-2022,208.960,0.60%,18451.19
22-07-2022,210.713,0.84%,18605.90
25-07-2022,210.724,0.01%,18606.89
26-07-2022,209.398,-0.63%,18489.85
27-07-2022,209.303,-0.05%,18481.43
28-07-2022,210.637,0.64%,18599.25
29-07-2022,211.688,0.50%,18692.03
01-08-2022,214.387,1.28%,18930.40
02-08-2022,216.029,0.77%,19075.31
03-08-2022,215.259,-0.36%,19007.38
04-08-2022,215.833,0.27%,19058.05
05-08-2022,215.617,-0.10%,19038.93
08-08-2022,216.748,0.52%,19138.86
10-08-2022,216.357,-0.18%,19104.30
11-08-2022,216.762,0.19%,19140.06
12-08-2022,216.837,0.03%,19146.66
16-08-2022,219.150,1.07%,19350.92
17-08-2022,220.300,0.52%,19452.47
18-08-2022,221.391,0.50%,19548.81
19-08-2022,220.157,-0.56%,19439.83
22-08-2022,218.436,-0.78%,19287.88
23-08-2022,219.528,0.50%,19384.29
24-08-2022,220.051,0.24%,19430.46
25-08-2022,219.624,-0.19%,19392.77
26-08-2022,219.546,-0.04%,19385.91
29-08-2022,218.374,-0.53%,19282.42
30-08-2022,221.520,1.44%,19560.15
01-09-2022,221.924,0.18%,19595.88
02-09-2022,223.302,0.62%,19717.51
05-09-2022,225.051,0.78%,19871.98
06-09-2022,225.071,0.01%,19873.73
07-09-2022,225.349,0.12%,19898.31
08-09-2022,227.236,0.84%,20064.94
09-09-2022,227.360,0.05%,20075.87
12-09-2022,227.898,0.24%,20123.34
13-09-2022,228.994,0.48%,20220.13
14-09-2022,228.801,-0.08%,20203.08
15-09-2022,229.161,0.16%,20234.91
16-09-2022,225.737,-1.49%,19932.54
19-09-2022,226.100,0.16%,19964.57
20-09-2022,228.296,0.97%,20158.55
21-09-2022,229.687,0.61%,20281.32
22-09-2022,231.670,0.86%,20456.43
23-09-2022,230.059,-0.70%,20314.15
26-09-2022,225.480,-1.99%,19909.85
27-09-2022,225.957,0.21%,19952.02
28-09-2022,225.624,-0.15%,19922.54
29-09-2022,226.683,0.47%,20016.11
30-09-2022,228.565,0.83%,20182.24
03-10-2022,227.483,-0.47%,20086.73
04-10-2022,231.036,1.56%,20400.48
06-10-2022,230.935,-0.04%,20391.51
07-10-2022,231.268,0.14%,20420.93
10-10-2022,229.390,-0.81%,20255.09
11-10-2022,227.643,-0.76%,20100.87
12-10-2022,227.794,0.07%,20114.22
13-10-2022,226.330,-0.64%,19984.91
14-10-2022,226.276,-0.02%,19980.12
17-10-2022,227.244,0.43%,20065.64
18-10-2022,230.148,1.28%,20322.07
19-10-2022,230.655,0.22%,20366.83
20-10-2022,232.366,0.74%,20517.93
21-10-2022,231.142,-0.53%,20409.85
25-10-2022,230.649,-0.21%,20366.29
27-10-2022,231.620,0.42%,20451.99
28-10-2022,231.329,-0.13%,20426.34
31-10-2022,233.544,0.96%,20621.90
01-11-2022,234.330,0.34%,20691.33
02-11-2022,233.634,-0.30%,20629.86
03-11-2022,233.308,-0.14%,20601.06
04-11-2022,233.320,0.01%,20602.13
07-11-2022,234.088,0.33%,20669.94
09-11-2022,233.305,-0.33%,20600.77
10-11-2022,231.186,-0.91%,20413.66
11-11-2022,231.191,0.00%,20414.14
14-11-2022,229.309,-0.81%,20247.92
15-11-2022,229.527,0.10%,20267.26
16-11-2022,229.706,0.08%,20283.01
17-11-2022,228.319,-0.60%,20160.51
18-11-2022,226.726,-0.70%,20019.86
21-11-2022,227.353,0.28%,20075.28
22-11-2022,227.860,0.22%,20120.03
23-11-2022,228.350,0.22%,20163.32
24-11-2022,229.604,0.55%,20273.97
25-11-2022,230.801,0.52%,20379.74
28-11-2022,231.045,0.11%,20401.25
29-11-2022,232.036,0.43%,20488.79
30-11-2022,234.364,1.00%,20694.32
01-12-2022,235.347,0.42%,20781.10
02-12-2022,234.437,-0.39%,20700.73
05-12-2022,234.098,-0.14%,20670.79
06-12-2022,233.285,-0.35%,20599.04
07-12-2022,233.428,0.06%,20611.72
08-12-2022,233.477,0.02%,20615.95
09-12-2022,233.869,0.17%,20650.62
12-12-2022,234.666,0.34%,20720.95
13-12-2022,234.398,-0.11%,20697.29
14-12-2022,234.334,-0.03%,20691.65
15-12-2022,232.760,-0.67%,20552.72
16-12-2022,230.588,-0.93%,20360.92
19-12-2022,232.652,0.89%,20543.13
20-12-2022,231.255,-0.60%,20419.84
21-12-2022,227.705,-1.54%,20106.37
22-12-2022,226.027,-0.74%,19958.20
23-12-2022,222.109,-1.73%,19612.21
26-12-2022,225.549,1.55%,19915.97
27-12-2022,226.321,0.34%,19984.12
28-12-2022,226.999,0.30%,20043.98
29-12-2022,227.055,0.02%,20048.97
30-12-2022,227.211,0.07%,20062.68
02-01-2023,227.301,0.04%,20070.62
03-01-2023,226.618,-0.30%,20010.38
04-01-2023,225.008,-0.71%,19868.19
05-01-2023,226.021,0.45%,19957.61
06-01-2023,225.162,-0.38%,19881.82
09-01-2023,226.780,0.72%,20024.65
10-01-2023,226.117,-0.29%,19966.11
11-01-2023,225.924,-0.09%,19949.04
12-01-2023,225.993,0.03%,19955.14
13-01-2023,226.081,0.04%,19962.94
16-01-2023,225.763,-0.14%,19934.88
17-01-2023,226.986,0.54%,20042.82
18-01-2023,227.760,0.34%,20111.16
19-01-2023,227.098,-0.29%,20052.72
20-01-2023,224.689,-1.06%,19840.03
23-01-2023,225.804,0.50%,19938.47
24-01-2023,226.689,0.39%,20016.61
25-01-2023,225.950,-0.33%,19951.34
27-01-2023,226.014,0.03%,19957.02
30-01-2023,225.700,-0.14%,19929.28
31-01-2023,227.269,0.70%,20067.83
01-02-2023,227.233,-0.02%,20064.67
02-02-2023,229.907,1.18%,20300.75
03-02-2023,230.769,0.37%,20376.85
06-02-2023,229.617,-0.50%,20275.16
07-02-2023,228.783,-0.36%,20201.52
08-02-2023,229.779,0.44%,20289.50
09-02-2023,229.474,-0.13%,20262.53
10-02-2023,229.827,0.15%,20293.74
13-02-2023,228.774,-0.46%,20200.75
14-02-2023,228.771,0.00%,20200.43
15-02-2023,229.536,0.33%,20267.98
16-02-2023,228.628,-0.40%,20187.85
17-02-2023,228.084,-0.24%,20139.81
20-02-2023,227.166,-0.40%,20058.76
21-02-2023,226.456,-0.31%,19996.09
22-02-2023,224.597,-0.82%,19831.93
23-02-2023,225.206,0.27%,19885.63
24-02-2023,224.973,-0.10%,19865.09
27-02-2023,223.102,-0.83%,19699.90
28-02-2023,223.184,0.04%,19707.12
01-03-2023,224.336,0.52%,19808.88
02-03-2023,223.790,-0.24%,19760.68
03-03-2023,225.520,0.77%,19913.40
06-03-2023,226.024,0.22%,19957.90
08-03-2023,226.436,0.18%,19994.23
09-03-2023,224.926,-0.67%,19860.98
10-03-2023,225.132,0.09%,19879.09
13-03-2023,222.325,-1.25%,19631.25
14-03-2023,221.657,-0.30%,19572.32
15-03-2023,221.329,-0.15%,19543.31
16-03-2023,221.490,0.07%,19557.58
17-03-2023,222.503,0.46%,19647.03
20-03-2023,221.308,-0.54%,19541.47
21-03-2023,221.690,0.17%,19575.23
22-03-2023,222.516,0.37%,19648.14
23-03-2023,222.161,-0.16%,19616.84
24-03-2023,220.574,-0.71%,19476.67
27-03-2023,219.254,-0.60%,19360.09
28-03-2023,218.230,-0.47%,19269.67
29-03-2023,219.663,0.66%,19396.24
31-03-2023,222.191,1.15%,19619.48
03-04-2023,224.026,0.83%,19781.48
05-04-2023,225.555,0.68%,19916.50
06-04-2023,225.408,-0.07%,19903.55
10-04-2023,225.092,-0.14%,19875.60
11-04-2023,226.018,0.41%,19957.38
12-04-2023,226.469,0.20%,19997.15
13-04-2023,226.751,0.12%,20022.12
17-04-2023,227.913,0.51%,20124.65
18-04-2023,227.633,-0.12%,20099.99
19-04-2023,227.822,0.08%,20116.65
20-04-2023,228.457,0.28%,20172.76
21-04-2023,229.342,0.39%,20250.90
24-04-2023,229.712,0.16%,20283.58
25-04-2023,230.069,0.16%,20315.11
26-04-2023,230.623,0.24%,20364.01
27-04-2023,230.985,0.16%,20395.98
28-04-2023,233.785,1.21%,20643.19
02-05-2023,233.796,0.00%,20644.16
03-05-2023,234.376,0.25%,20695.39
04-05-2023,235.431,0.45%,20788.52
05-05-2023,235.329,-0.04%,20779.56
08-05-2023,236.653,0.56%,20896.43
09-05-2023,236.806,0.06%,20909.93
10-05-2023,237.645,0.35%,20984.04
11-05-2023,238.260,0.26%,21038.33
12-05-2023,238.943,0.29%,21098.64
15-05-2023,240.662,0.72%,21250.43
16-05-2023,240.074,-0.24%,21198.47
17-05-2023,239.825,-0.10%,21176.52
18-05-2023,239.350,-0.20%,21134.60
19-05-2023,239.381,0.01%,21137.30
22-05-2023,239.152,-0.10%,21117.12
23-05-2023,239.520,0.15%,21149.56
24-05-2023,239.499,-0.01%,21147.74
25-05-2023,240.331,0.35%,21221.20
26-05-2023,242.141,0.75%,21380.99
29-05-2023,243.195,0.44%,21474.10
30-05-2023,244.544,0.55%,21593.20
31-05-2023,244.868,0.13%,21621.83
01-06-2023,245.335,0.19%,21663.04
02-06-2023,247.039,0.69%,21813.52
05-06-2023,248.033,0.40%,21901.30
06-06-2023,248.512,0.19%,21943.55
07-06-2023,250.879,0.95%,22152.59
08-06-2023,249.797,-0.43%,22057.07
09-06-2023,248.667,-0.45%,21957.28
12-06-2023,249.321,0.26%,22015.04
13-06-2023,251.947,1.05%,22246.85
14-06-2023,252.570,0.25%,22301.88
15-06-2023,252.858,0.11%,22327.37
16-06-2023,254.209,0.53%,22446.62
19-06-2023,252.527,-0.66%,22298.14
20-06-2023,252.785,0.10%,22320.90
21-06-2023,253.323,0.21%,22368.40
22-06-2023,251.944,-0.54%,22246.66
23-06-2023,251.160,-0.31%,22177.42
26-06-2023,252.402,0.49%,22287.05
27-06-2023,252.424,0.01%,22288.98
28-06-2023,253.785,0.54%,22409.23
30-06-2023,254.813,0.40%,22499.92
03-07-2023,255.587,0.30%,22568.35
04-07-2023,255.013,-0.22%,22517.63
05-07-2023,257.649,1.03%,22750.38
06-07-2023,258.714,0.41%,22844.46
07-07-2023,256.858,-0.72%,22680.54
10-07-2023,256.425,-0.17%,22642.31
11-07-2023,259.274,1.11%,22893.83
12-07-2023,259.360,0.03%,22901.46
13-07-2023,258.475,-0.34%,22823.36
14-07-2023,259.661,0.46%,22928.02
17-07-2023,261.055,0.54%,23051.17
18-07-2023,261.213,0.06%,23065.05
19-07-2023,262.135,0.35%,23146.51
20-07-2023,264.074,0.74%,23317.69
21-07-2023,263.796,-0.11%,23293.19
24-07-2023,262.251,-0.59%,23156.72
25-07-2023,261.587,-0.25%,23098.13
26-07-2023,263.409,0.70%,23258.99
27-07-2023,263.274,-0.05%,23247.08
28-07-2023,264.486,0.46%,23354.08
31-07-2023,265.980,0.56%,23486.01
01-08-2023,266.112,0.05%,23497.68
02-08-2023,263.927,-0.82%,23304.74
03-08-2023,262.164,-0.67%,23149.02
04-08-2023,263.734,0.60%,23287.70
07-08-2023,264.860,0.43%,23387.15
08-08-2023,265.299,0.17%,23425.88
09-08-2023,267.544,0.85%,23624.12
10-08-2023,265.870,-0.63%,23476.29
11-08-2023,265.772,-0.04%,23467.66
14-08-2023,265.902,0.05%,23479.16
16-08-2023,266.412,0.19%,23524.12
17-08-2023,265.334,-0.40%,23428.99
18-08-2023,264.72,-0.23%,23374.75
